ip, country, country_name 
223.62.11.115,KR,한국 
118.235.12.42,KR,한국 
223.39.138.44,KR,한국 
118.235.6.107,KR,한국 
118.235.11.87,KR,한국 
223.38.52.30,KR,한국 
106.101.67.213,KR,한국 
39.123.116.66,KR,한국 
182.231.135.87,KR,한국 
175.223.15.119,KR,한국 
223.38.72.107,KR,한국 
125.188.255.227,KR,한국 
223.38.48.2,KR,한국 
223.38.56.125,KR,한국 
175.193.64.62,KR,한국 
223.39.207.65,KR,한국 
223.38.10.13,KR,한국 
1.237.72.83,KR,한국 
118.235.13.65,KR,한국 
112.151.171.224,KR,한국 
13.107.241.51,US,미국 
59.12.246.31,KR,한국 
118.32.75.109,KR,한국 
11.167.10.242,US,미국 
106.101.64.164,KR,한국 
218.156.200.156,KR,한국 
123.215.255.94,KR,한국 
11.234.188.140,US,미국 
223.39.250.57,KR,한국 
118.223.124.66,KR,한국 
58.226.175.167,KR,한국 
106.101.3.109,KR,한국 
51.235.14.95,SA,사우디아라비아 
121.135.160.243,KR,한국 
117.111.2.7,KR,한국 
116.37.11.26,KR,한국 
175.204.125.225,KR,한국 
118.41.109.222,KR,한국 
223.39.157.34,KR,한국 
118.235.43.224,KR,한국 
32.7.47.110,US,미국 
182.230.163.131,KR,한국 
118.235.2.177,KR,한국 
175.223.48.234,KR,한국 
223.39.252.95,KR,한국 
223.39.146.228,KR,한국 
118.235.4.162,KR,한국 
125.141.29.79,KR,한국 
106.101.128.82,KR,한국 
106.101.67.74,KR,한국 
117.111.28.8,KR,한국 
106.102.11.1,KR,한국 
118.235.13.165,KR,한국 
223.38.10.231,KR,한국 
223.38.87.95,KR,한국 
223.39.212.56,KR,한국 
223.62.162.231,KR,한국 
223.39.155.84,KR,한국 
223.38.84.209,KR,한국 
223.38.40.154,KR,한국 
203.226.208.59,KR,한국 
124.56.169.175,KR,한국 
106.102.11.246,KR,한국 
220.76.73.13,KR,한국 
118.235.13.79,KR,한국 
59.16.195.37,KR,한국 
211.251.43.212,KR,한국 
106.101.67.113,KR,한국 
114.204.210.232,KR,한국 
182.218.254.180,KR,한국 
106.101.195.207,KR,한국 
223.38.8.143,KR,한국 
106.101.192.174,KR,한국 
119.192.200.87,KR,한국 
106.101.192.174,KR,한국 
59.16.141.167,KR,한국 
175.214.139.62,KR,한국 
121.160.204.45,KR,한국 
125.183.128.183,KR,한국 
61.253.215.90,KR,한국 
118.36.148.10,KR,한국 
223.62.22.210,KR,한국 
112.221.206.117,KR,한국 
39.7.230.59,KR,한국 
112.148.85.130,KR,한국 
223.39.253.114,KR,한국 
211.36.138.50,KR,한국 
118.235.5.112,KR,한국 
61.98.150.120,KR,한국 
106.101.65.1,KR,한국 
223.62.175.189,KR,한국 
14.39.8.112,KR,한국 
223.39.248.238,KR,한국 
223.62.173.74,KR,한국 
106.101.192.246,KR,한국 
119.204.167.69,KR,한국 
223.38.10.105,KR,한국 
39.7.25.126,KR,한국 
223.39.145.229,KR,한국 
223.39.253.191,KR,한국 
14.33.2.164,KR,한국 
106.101.67.120,KR,한국 
118.235.16.105,KR,한국 
175.119.145.133,KR,한국 
223.38.56.147,KR,한국 
121.166.156.193,KR,한국 
211.246.68.184,KR,한국 
118.235.32.10,KR,한국 
118.235.10.63,KR,한국 
223.39.242.167,KR,한국 
115.23.195.177,KR,한국 
39.7.19.196,KR,한국 
223.39.244.225,KR,한국 
223.33.181.29,KR,한국 
220.126.122.229,KR,한국 
220.83.181.72,KR,한국 
118.235.48.238,KR,한국 
211.207.236.196,KR,한국 
106.101.67.224,KR,한국 
223.39.242.51,KR,한국 
121.180.57.117,KR,한국 
23.39.141.57,US,미국 
211.179.34.67,KR,한국 
106.102.0.141,KR,한국 
25.36.142.25,GB,영국 
118.235.11.85,KR,한국 
61.76.51.15,KR,한국 
106.247.192.248,KR,한국 
121.184.31.212,KR,한국 
163.152.65.249,KR,한국 
223.33.165.51,KR,한국 
222.121.60.9,KR,한국 
223.62.175.216,KR,한국 
223.38.81.84,KR,한국 
12.159.15.181,US,미국 
3.7.28.180,US,미국 
